Time_min,BG_mg_dL,IOB_U,CHO_g,INS_U_min
0,115.05730896885453,2.0199543606460977,0,0.02082057675429045
1.0,115.05730896885453,2.0199543606460977,0,0.02082057675429045
2.0,115.05730896885453,2.0199543606460977,0,0.02082057675429045
3.0,115.05730896885453,2.0199543606460977,0,0.02082057675429045
4.0,115.05730896885453,2.0199543606460977,0,0.02082057675429045
5.0,115.05730896885453,2.0199543606460977,0,0.02082057675429045
6.0,115.05730896885453,2.0199543606460977,0,0.02082057675429045
7.0,115.05730896885453,2.0199543606460977,0,0.02082057675429045
8.0,115.05730896885453,2.0199543606460977,0,0.02082057675429045
9.0,115.05730896885453,2.0199543606460977,0,0.02082057675429045
10.0,115.05730896885453,2.0199543606460977,0,4.154297433589597
11.0,115.05730809029725,6.152049373250563,0,0.02082057675429045
12.0,115.0572602045294,6.145182670896873,0,0.02082057675429045
13.0,115.05685622061372,6.134267350767131,0,0.02082057675429045
14.0,115.05528944320565,6.120899735364065,0,0.02082057675429045
15.0,115.05119318697449,6.105854018810851,0,0.0
16.0,115.04268652714704,6.068709004902042,0,0.0
17.0,115.02746378130604,6.030526468954509,0,0.0
18.0,115.0028977427668,5.991455266043198,0,0.0
19.0,114.96614238388017,5.951594599681108,0,0.0
20.0,114.91422767869622,5.91101849592502,75,0.020833333333333332
21.0,114.84417845834025,5.89061373569914,0,0.020833333333333332
22.0,114.75379704744464,5.869571710162876,0,0.020833333333333332
23.0,114.64266492739937,5.84791912407005,0,0.020833333333333332
24.0,114.5121122507329,5.825686927076682,0,0.020833333333333332
25.0,114.364662418089,5.802906994243104,0,0.020833333333333332
26.0,114.2034600436322,5.779610709137499,0,0.020833333333333332
27.0,114.0323008961303,5.755828403888435,0,0.020833333333333332
28.0,113.85703593411942,5.731589178655645,0,0.020833333333333332
29.0,113.68561680094118,5.706920883818579,0,0.020833333333333332
30.0,113.52771628040418,5.681850167171376,0,0.020833333333333332
31.0,113.39438074121786,5.656402542954602,0,0.020833333333333332
32.0,113.29771592174389,5.630602464299364,0,0.020833333333333332
33.0,113.2506066855411,5.604473391724287,0,0.020833333333333332
34.0,113.26646519329383,5.5780378552295975,0,0.020833333333333332
35.0,113.35900671437166,5.55131750963999,0,0.020833333333333332
36.0,113.542171834683,5.524333183665784,0,0.020833333333333332
37.0,113.82981765578337,5.4971049234358516,0,0.020833333333333332
38.0,114.23454687636307,5.469652031246381,0,0.020833333333333332
39.0,114.76702336110264,5.441993100258578,0,0.020833333333333332
40.0,115.43562726121019,5.414146045755712,0,0.020833333333333332
41.0,116.24632127270142,5.386128133489024,0,0.020833333333333332
42.0,117.20265703388716,5.357956005555799,0,0.020833333333333332
43.0,118.30586979735745,5.329645704179808,0,0.020833333333333332
44.0,119.55502404640144,5.301212693699246,0,0.020833333333333332
45.0,120.94718405467334,5.272671881022166,0,0.020833333333333332
46.0,122.47759015300399,5.244037634757468,0,0.020833333333333332
47.0,124.13982857881071,5.215323803197184,0,0.020833333333333332
48.0,125.92598968695,5.186543731299242,0,0.020833333333333332
49.0,127.82681329132923,5.157710276790714,0,0.020833333333333332
50.0,129.8318243591386,5.128835825493607,0,0.020833333333333332
51.0,131.92946620166498,5.099932305958209,0,0.020833333333333332
52.0,134.1072412485499,5.071011203475165,0,0.020833333333333332
53.0,136.3518706829996,5.042083573526162,0,0.020833333333333332
54.0,138.6494828518271,5.013160054723694,0,0.020833333333333332
55.0,140.98583605857849,4.9842508812826,0,0.020833333333333332
56.0,143.34657457078137,4.955365895059707,0,0.020833333333333332
57.0,145.71750888061544,4.9265145571925535,0,0.020833333333333332
58.0,148.08490450393657,4.8977059593638215,0,0.020833333333333332
59.0,150.4357597473382,4.868948834714418,0,0.020833333333333332
60.0,152.7580528430682,4.840251568425194,0,0.020833333333333332
61.0,155.04092729045954,4.811622207984669,0,0.020833333333333332
62.0,157.2748042624395,4.7830684731581705,0,0.020833333333333332
63.0,159.45151600522496,4.7545977656719245,0,0.020833333333333332
64.0,161.5643406480042,4.726217178624271,0,0.020833333333333332
65.0,163.607971309619,4.69793350563491,0,0.020833333333333332
66.0,165.5784432301692,4.669753249742052,0,0.020833333333333332
67.0,167.47302939200904,4.641682632056496,0,0.020833333333333332
68.0,169.2901149732634,4.613727600180938,0,0.020833333333333332
69.0,171.02905999894108,4.585893836402136,0,0.020833333333333332
70.0,172.6900580983122,4.558186765663091,0,0.020833333333333332
71.0,174.27399763996624,4.530611563321884,0,0.020833333333333332
72.0,175.7823299048001,4.503173162703467,0,0.020833333333333332
73.0,177.21694749865,4.475876262450306,0,0.020833333333333332
74.0,178.58007496452092,4.4487253336775385,0,0.020833333333333332
75.0,179.87417254975614,4.42172462693797,0,0.020833333333333332
76.0,181.10185330852323,4.394878179002072,0,0.020833333333333332
77.0,182.26581315140794,4.368189819457862,0,0.020833333333333332
78.0,183.36877306117808,4.341663177135429,0,0.020833333333333332
79.0,184.4134324446607,4.315301686360627,0,0.020833333333333332
80.0,185.40243245449653,4.289108593042357,0,0.020833333333333332
81.0,186.33832806396993,4.263086960597681,0,0.020833333333333332
82.0,187.22356768988962,4.237239675718891,0,0.020833333333333332
83.0,188.06047921351768,4.211569453986538,0,0.020833333333333332
84.0,188.8512613325953,4.186078845332278,0,0.020833333333333332
85.0,189.59797927683914,4.160770239355333,0,0.020833333333333332
86.0,190.30256402604277,4.135645870496219,0,0.020833333333333332
87.0,190.96681427770773,4.1107078230713014,0,0.020833333333333332
88.0,191.5924005154728,4.085958036171659,0,0.020833333333333332
89.0,192.18087062756175,4.061398308429663,0,0.020833333333333332
90.0,192.73365661425035,4.0370303026565075,0,0.020833333333333332
91.0,193.25208200405163,4.012855550353981,0,0.020833333333333332
92.0,193.73736966966428,3.988875456103543,0,0.020833333333333332
93.0,194.19064979688937,3.965091301835817,0,0.020833333333333332
94.0,194.61296781316526,3.9415042509834404,0,0.020833333333333332
95.0,195.00529212775098,3.9181153525202013,0,0.020833333333333332
96.0,195.36852157365874,3.8949255448892957,0,0.020833333333333332
97.0,195.70349247299035,3.871935659823468,0,0.020833333333333332
98.0,196.01098527316125,3.849146426059739,0,0.020833333333333332
99.0,196.29173072235918,3.826558472951361,0,0.020833333333333332
100.0,196.54641556919006,3.8041723339795834,0,0.020833333333333332
101.0,196.77568778446073,3.7819884501677037,0,0.020833333333333332
102.0,196.9801613130154,3.7600071733999103,0,0.020833333333333332
103.0,197.1604203709978,3.7382287696472636,0,0.020833333333333332
104.0,197.31702330930264,3.7166534221031804,0,0.020833333333333332
105.0,197.45050606769377,3.6952812342306807,0,0.020833333333333332
106.0,197.56138524644203,3.6741122327236515,0,0.020833333333333332
107.0,197.65016082364528,3.6531463703842655,0,0.020833333333333332
108.0,197.71731854688096,3.6323835289187034,0,0.020833333333333332
109.0,197.76333202769928,3.6118235216532417,0,0.020833333333333332
110.0,197.78866456685668,3.591466096172719,0,0.020833333333333332
111.0,197.79377073724524,3.571310936883368,0,0.020833333333333332
112.0,197.7790977503016,3.551357667501928,0,0.020833333333333332
113.0,197.74508663036312,3.531605853472916,0,0.020833333333333332
114.0,197.69217322004587,3.5120550043159087,0,0.020833333333333332
115.0,197.62078903829993,3.492704575904602,0,0.020833333333333332
116.0,197.53136201139054,3.473553972679413,0,0.020833333333333332
117.0,197.42431709568967,3.4546025497953203,0,0.020833333333333332
118.0,197.30007680985557,3.4358496152066165,0,0.020833333333333332
119.0,197.15906169274712,3.4172944316901916,0,0.020833333333333332
120.0,197.00169070226613,3.398936218808931,0,0.020833333333333332
121.0,196.82838156924913,3.3807741548167862,0,0.020833333333333332
122.0,196.6395511195378,3.362807378507017,0,0.020833333333333332
123.0,196.43561557643866,3.3450349910050825,0,0.020833333333333332
124.0,196.2169908549297,3.3274560575076286,0,0.020833333333333332
125.0,195.98409285817473,3.310069608968956,0,0.020833333333333332
126.0,195.73733778615355,3.2928746437363636,0,0.020833333333333332
127.0,195.47714246549128,3.275870129135678,0,0.020833333333333332
128.0,195.20392470886284,3.2590550030082928,0,0.020833333333333332
129.0,194.9181037116349,3.242428175200981,0,0.020833333333333332
130.0,194.62010049267695,3.225988529009723,0,0.020833333333333332
131.0,194.3103383854979,3.2097349225787646,0,0.020833333333333332
132.0,193.98924358502893,3.19366619025608,0,0.020833333333333332
133.0,193.65724575445088,3.177781143906405,0,0.020833333333333332
134.0,193.3147786954286,3.1620785741829485,0,0.020833333333333332
135.0,192.96228108393976,3.146557251758896,0,0.0
136.0,192.60019727951675,3.110389551674718,0,0.0
137.0,192.22897844595306,3.074435204854973,0,0.0
138.0,191.8490850151156,3.0387133241594104,0,0.0
139.0,191.46099052612604,3.003234970085643,0,0.0
140.0,191.0651858650566,2.968007289945731,0,0.0
141.0,190.66218327655602,2.933035438108112,0,0.0
142.0,190.2525198801804,2.89832348034151,0,0.0
143.0,189.83676062121341,2.8638748235252884,0,0.0
144.0,189.41550065177327,2.8296924262508414,0,0.0
145.0,188.98936716961703,2.7957789069348054,0,0.0
146.0,188.5590207489547,2.7621366033358425,0,0.0
147.0,188.1251561931038,2.7287676084896586,0,0.0
148.0,187.6885029284792,2.695673794764031,0,0.0
149.0,187.24982494598893,2.6628568315820633,0,0.0
150.0,186.80992028086087,2.6303181995044684,0,0.0
151.0,186.36962000613863,2.5980592020240123,0,0.0
152.0,185.92978669922567,2.5660809757903467,0,0.0
153.0,185.49131232558383,2.5343844996749265,0,0.0
154.0,185.05511546980344,2.5029706029302226,0,0.0
155.0,184.62213783278733,2.471839972614576,0,0.0
156.0,184.19333990608527,2.4409931604066792,0,0.0
157.0,183.76969573218105,2.4104305889041084,0,0.0
158.0,183.35218666483854,2.380152557480501,0,0.0
159.0,182.94179405876486,2.3501592477615176,0,0.0
160.0,182.53949084522384,2.320450728768844,0,0.0
161.0,182.14623199188512,2.2910269617728836,0,0.0
162.0,181.7629439023814,2.2618878048879183,0,0.0
163.0,181.39051105283968,2.233033017437915,0,0.0
164.0,181.02975904579833,2.2044622641166027,0,0.0
165.0,180.68144893987017,2.1761751189616776,0,0.020833333333333332
166.0,180.34626630746885,2.1689974460049446,0,0.020833333333333332
167.0,180.0248083852585,2.1620676517229027,0,0.020833333333333332
168.0,179.71757101668405,2.155364668572758,0,0.020833333333333332
169.0,179.42493591695816,2.148875381846972,0,0.020833333333333332
170.0,179.14715972822052,2.142590509313037,0,0.020833333333333332
171.0,178.88436600065293,2.136502675990592,0,0.020833333333333332
172.0,178.6365406917195,2.1306055162618214,0,0.020833333333333332
173.0,178.40353146424442,2.124893247994919,0,0.020833333333333332
174.0,178.18505080383412,2.119360465666382,0,0.020833333333333332
175.0,177.9806827574345,2.1140020358563656,0,0.020833333333333332
176.0,177.7898929100233,2.108813041225532,0,0.020833333333333332
177.0,177.61204107095838,2.103788747961036,0,0.020833333333333332
178.0,177.4463960419176,2.0989245849930613,0,0.020833333333333332
179.0,177.29215178804162,2.0942161294370716,0,0.020833333333333332
180.0,177.14844433144899,2.0896590955743823,0,0.020833333333333332
181.0,177.01436872587166,2.0852493260211795,0,0.020833333333333332
182.0,176.88899554366876,2.080982784370909,0,0.020833333333333332
183.0,176.77138640124187,2.0768555489033047,0,0.020833333333333332
184.0,176.6606081551875,2.0728638071086958,0,0.020833333333333332
185.0,176.55574550983528,2.069003850858953,0,0.020833333333333332
186.0,176.45591187949955,2.0652720721037023,0,0.020833333333333332
187.0,176.3602584403824,2.0616649589998337,0,0.020833333333333332
188.0,176.26798138433026,2.0581790924021437,0,0.020833333333333332
189.0,176.17832744816323,2.0548111426572455,0,0.020833333333333332
190.0,176.0905978381393,2.051557866653725,0,0.020833333333333332
191.0,176.00415070041134,2.0484161050900425,0,0.020833333333333332
192.0,175.91840230686705,2.0453827799284703,0,0.020833333333333332
193.0,175.83282713361987,2.042454892008904,0,0.020833333333333332
194.0,175.74695700882668,2.0396295188008797,0,0.020833333333333332
195.0,175.66037949953312,2.036903812275829,0,0.020833333333333332
196.0,175.5727356957574,2.034274996884647,0,0.020833333333333332
197.0,175.48371753562543,2.031740367628135,0,0.020833333333333332
198.0,175.3930647993749,2.029297288209963,0,0.020833333333333332
199.0,175.30056188348993,2.026943189263471,0,0.020833333333333332
200.0,175.20603444988953,2.024675566645044,0,0.020833333333333332
201.0,175.10934602952753,2.0224919797879446,0,0.020833333333333332
202.0,175.01039464534125,2.020390050111444,0,0.020833333333333332
203.0,174.90910950643087,2.018367459480883,0,0.020833333333333332
204.0,174.80544781376915,2.0164219487149393,0,0.020833333333333332
205.0,174.69939170764619,2.0145513161369215,0,0.020833333333333332
206.0,174.59094537840633,2.0127534161673655,0,0.020833333333333332
207.0,174.48013235474568,2.0110261579555533,0,0.020833333333333332
208.0,174.36699297779595,2.0093675040479146,0,0.020833333333333332
209.0,174.2515820642992,2.007775469091499,0,0.020833333333333332
210.0,174.13396675824671,2.0062481185709413,0,0.020833333333333332
211.0,174.01422456729355,2.0047835675774954,0,0.020833333333333332
212.0,173.8924415779101,2.0033799796088885,0,0.020833333333333332
213.0,173.76871084130755,2.0020355653988617,0,0.020833333333333332
214.0,173.64313092175678,2.000748581775341,0,0.020833333333333332
215.0,173.51580459721413,1.9995173305462821,0,0.020833333333333332
216.0,173.3868377015122,1.9983401574124118,0,0.020833333333333332
217.0,173.25633809912875,1.9972154509059254,0,0.020833333333333332
218.0,173.1244147814153,1.996141641354469,0,0.020833333333333332
219.0,172.99117707420146,1.9951171998697104,0,0.020833333333333332
220.0,172.85673394784078,1.9941406373597614,0,0.020833333333333332
221.0,172.7211934197232,1.99321050356491,0,0.020833333333333332
222.0,172.58466204109826,1.9923253861159789,0,0.020833333333333332
223.0,172.44724445970158,1.9914839096148023,0,0.020833333333333332
224.0,172.30904305072542,1.9906847347362318,0,0.020833333333333332
225.0,172.17015760898514,1.9899265573511609,0,0.020833333333333332
226.0,172.03068509578608,1.9892081076700552,0,0.020833333333333332
227.0,171.89071943447544,1.9885281494065,0,0.020833333333333332
228.0,171.75035134922163,1.9878854789602853,0,0.020833333333333332
229.0,171.60966824198786,1.9872789246195735,0,0.020833333333333332
230.0,171.46875410317952,1.9867073457817006,0,0.020833333333333332
231.0,171.32768945184054,1.9861696321921771,0,0.020833333333333332
232.0,171.18655130168398,1.9856647032014716,0,0.020833333333333332
233.0,171.04541314960588,1.9851915070391566,0,0.020833333333333332
234.0,170.9043449836735,1.9847490201050304,0,0.020833333333333332
235.0,170.76341330788858,1.9843362462768122,0,0.020833333333333332
236.0,170.62268118131163,1.9839522162340415,0,0.020833333333333332
237.0,170.4822082693938,1.9835959867978008,0,0.020833333333333332
238.0,170.34205090559664,1.9832666402859143,0,0.020833333333333332
239.0,170.20226216159648,1.9829632838832507,0,0.020833333333333332
240.0,170.06289192456143,1.9826850490268058,0,0.020833333333333332
241.0,169.9239869801654,1.982431090805209,0,0.020833333333333332
242.0,169.78559110015945,1.982200587372344,0,0.020833333333333332
243.0,169.64774513346336,1.9819927393747419,0,0.020833333333333332
244.0,169.5104870998667,1.9818067693924526,0,0.020833333333333332
245.0,169.37385228554277,1.9816419213930736,0,0.020833333333333332
246.0,169.23787333968036,1.9814974601986435,0,0.020833333333333332
247.0,169.10258037162993,1.981372670965104,0,0.020833333333333332
248.0,168.968001048041,1.9812668586740443,0,0.020833333333333332
249.0,168.83416068954102,1.9811793476364519,0,0.020833333333333332
250.0,168.70108236656958,1.9811094810081906,0,0.020833333333333332
251.0,168.56878699403916,1.9810566203169389,0,0.020833333333333332
252.0,168.43729342454503,1.9810201450003315,0,0.020833333333333332
253.0,168.30661853989002,1.9809994519550476,0,0.020833333333333332
254.0,168.17677734073257,1.9809939550965867,0,0.020833333333333332
255.0,168.04778303419818,1.9810030849295024,0,0.020833333333333332
256.0,167.91964711932786,1.9810262881278426,0,0.020833333333333332
257.0,167.7923794702628,1.9810630271255707,0,0.020833333333333332
258.0,167.6659884170897,1.981112779716735,0,0.020833333333333332
259.0,167.54048082429097,1.9811750386651625,0,0.020833333333333332
260.0,167.41586216676103,1.981249311323466,0,0.020833333333333332
261.0,167.29213660336956,1.9813351192611373,0,0.020833333333333332
262.0,167.16930704806248,1.9814319979015371,0,0.020833333333333332
263.0,167.0473752385056,1.9815394961675568,0,0.020833333333333332
264.0,166.926341802286,1.981657176135768,0,0.020833333333333332
265.0,166.80620632068477,1.9817846126988625,0,0.020833333333333332
266.0,166.68696739007956,1.9819213932361788,0,0.020833333333333332
267.0,166.56862268097174,1.9820671172921505,0,0.020833333333333332
268.0,166.45116899471546,1.9822213962624797,0,0.020833333333333332
269.0,166.33460231797935,1.9823838530878584,0,0.020833333333333332
270.0,166.21891787499345,1.982554121955066,0,0.020833333333333332
271.0,166.10411017763425,1.9827318480052791,0,0.020833333333333332
272.0,165.99017307340273,1.9829166870494146,0,0.020833333333333332
273.0,165.8770997913521,1.9831083052903529,0,0.020833333333333332
274.0,165.7648829860234,1.9833063790518788,0,0.020833333333333332
275.0,165.653514779447,1.9835105945141853,0,0.020833333333333332
276.0,165.5429868012697,1.98372064745579,0,0.020833333333333332
277.0,165.43329022706652,1.9839362430017096,0,0.020833333333333332
278.0,165.32441581489581,1.9841570953777559,0,0.020833333333333332
279.0,165.21635394015732,1.9843829276708054,0,0.020833333333333332
280.0,165.10909462881028,1.9846134715949064,0,0.020833333333333332
281.0,165.00262758901002,1.9848484672630848,0,0.020833333333333332
282.0,164.8969422412185,1.9850876629647218,0,0.020833333333333332
283.0,164.79202774684555,1.9853308149483664,0,0.020833333333333332
284.0,164.68787303547404,1.9855776872098643,0,0.020833333333333332
285.0,164.58446683072302,1.9858280512856754,0,0.020833333333333332
286.0,164.48179767480065,1.986081686051252,0,0.020833333333333332
287.0,164.3798539517975,1.9863383775243768,0,0.020833333333333332
288.0,164.27862390976975,1.9865979186733245,0,0.020833333333333332
289.0,164.17809568166038,1.9868601092297533,0,0.020833333333333332
290.0,164.07825730510478,1.9871247555062,0,0.020833333333333332
291.0,163.97909674116636,1.9873916702180783,0,0.020833333333333332
292.0,163.88060189204575,1.9876606723100805,0,0.020833333333333332
293.0,163.78276061780645,1.9879315867868639,0,0.020833333333333332
294.0,163.6855607521577,1.9882042445479378,0,0.020833333333333332
295.0,163.58899011733465,1.9884784822266408,0,0.020833333333333332
296.0,163.49303653811413,1.9887541420331172,0,0.020833333333333332
297.0,163.39768785500303,1.9890310716012018,0,0.020833333333333332
298.0,163.3029319366355,1.9893091238391116,0,0.020833333333333332
299.0,163.20875669141284,1.9895881567838642,0,0.020833333333333332
300.0,163.11515007842036,1.989868033459327,0,0.020833333333333332
301.0,163.02210011765203,1.990148621737824,0,0.020833333333333332
302.0,162.92959489957514,1.9904297942051963,0,0.020833333333333332
303.0,162.8376225940638,1.9907114280292566,0,0.020833333333333332
304.0,162.74617145873,1.9909934048315396,0,0.020833333333333332
305.0,162.65522984668047,1.9912756105622824,0,0.020833333333333332
306.0,162.5647862137247,1.9915579353785515,0,0.020833333333333332
307.0,162.47482912506044,1.9918402735254428,0,0.020833333333333332
308.0,162.38534726146077,1.9921225232202864,0,0.020833333333333332
309.0,162.29632942498617,1.9924045865397777,0,0.020833333333333332
310.0,162.2077645442444,1.9926863693099686,0,0.020833333333333332
311.0,162.11964167921943,1.992967780999053,0,0.020833333333333332
312.0,162.03195002569035,1.9932487346128764,0,0.020833333333333332
313.0,161.94467891926072,1.993529146593106,0,0.020833333333333332
314.0,161.8578178390163,1.9938089367179963,0,0.020833333333333332
315.0,161.77135641083075,1.9940880280056938,0,0.020833333333333332
316.0,161.685284410336,1.9943663466200092,0,0.020833333333333332
317.0,161.59959176557456,1.9946438217786109,0,0.020833333333333332
318.0,161.5142685593497,1.9949203856635738,0,0.020833333333333332
319.0,161.42930503128915,1.9951959733342248,0,0.020833333333333332
320.0,161.34469157963704,1.9954705226422405,0,0.020833333333333332
321.0,161.2604187627882,1.995743974148928,0,0.020833333333333332
322.0,161.17647730057854,1.9960162710446523,0,0.020833333333333332
323.0,161.09285807534454,1.9962873590703463,0,0.020833333333333332
324.0,161.00955213276413,1.9965571864410558,0,0.020833333333333332
325.0,160.92655068249093,1.9968257037714785,0,0.020833333333333332
326.0,160.84384509859348,1.9970928640034336,0,0.020833333333333332
327.0,160.76142691981,1.9973586223352346,0,0.020833333333333332
328.0,160.67928784962947,1.9976229361528985,0,0.020833333333333332
329.0,160.59741975620864,1.997885764963165,0,0.020833333333333332
330.0,160.51581467213484,1.9981470703282669,0,0.020833333333333332
331.0,160.43446479404355,1.9984068158024242,0,0.020833333333333332
332.0,160.35336248209944,1.998664966870004,0,0.020833333333333332
333.0,160.2725002593492,1.9989214908853188,0,0.020833333333333332
334.0,160.191870810954,1.999176357014015,0,0.020833333333333332
335.0,160.1114669833097,1.9994295361760193,0,0.020833333333333332
336.0,160.03128178306125,1.9996810009899952,0,0.020833333333333332
337.0,159.95130837601877,1.9999307257192862,0,0.020833333333333332
338.0,159.87154008598185,2.000178686219297,0,0.020833333333333332
339.0,159.79197039347804,2.0004248598862833,0,0.020833333333333332
340.0,159.71259293442208,2.0006692256075156,0,0.020833333333333332
341.0,159.6334014987011,2.000911763712782,0,0.020833333333333332
342.0,159.55439002869144,2.001152455927197,0,0.020833333333333332
343.0,159.47555261771245,2.001391285325284,0,0.020833333333333332
344.0,159.3968835084221,2.0016282362863023,0,0.020833333333333332
345.0,159.31837709115894,2.0018632944507817,0,0.020833333333333332
346.0,159.2400279022353,2.002096446678247,0,0.020833333333333332
347.0,159.1618306221858,2.0023276810060877,0,0.020833333333333332
348.0,159.083780073975,2.002556986609553,0,0.020833333333333332
349.0,159.00587122116877,2.002784353762847,0,0.020833333333333332
350.0,158.9280991660723,2.00300977380129,0,0.020833333333333332
351.0,158.85045914783854,2.003233239084522,0,0.020833333333333332
352.0,158.77294654055086,2.0034547429607223,0,0.020833333333333332
353.0,158.69555685128225,2.003674279731822,0,0.020833333333333332
354.0,158.6182857181346,2.00389184461968,0,0.020833333333333332
355.0,158.5411289082609,2.004107433733203,0,0.020833333333333332
356.0,158.46408231587307,2.004321044036383,0,0.020833333333333332
357.0,158.38714196023744,2.004532673317231,0,0.020833333333333332
358.0,158.31030398366127,2.00474232015758,0,0.020833333333333332
359.0,158.2335646494716,2.0049499839037432,0,0.020833333333333332
360.0,158.15692033998957,2.005155664637999,0,0.020833333333333332
361.0,158.08036755450127,2.0053593631508853,0,0.020833333333333332
362.0,158.00390290722797,2.00556108091428,0,0.020833333333333332
363.0,157.92752312529697,2.005760820055252,0,0.020833333333333332
364.0,157.85122504671492,2.0059585833306572,0,0.020833333333333332
365.0,157.7750056183456,2.006154374102468,0,0.020833333333333332
366.0,157.69886189389302,2.0063481963138106,0,0.020833333333333332
367.0,157.62279103189206,2.006540054465693,0,0.020833333333333332
368.0,157.54679029370723,2.0067299535944145,0,0.020833333333333332
369.0,157.4708570415415,2.006917899249628,0,0.020833333333333332
370.0,157.3949887364561,2.007103897473042,0,0.020833333333333332
371.0,157.31918293640206,2.007287954777752,0,0.020833333333333332
372.0,157.24343729426553,2.0074700781281742,0,0.020833333333333332
373.0,157.16774955592655,2.007650274920577,0,0.020833333333333332
374.0,157.09211755833329,2.0078285529641864,0,0.020833333333333332
375.0,157.016539227592,2.0080049204628563,0,0.020833333333333332
376.0,156.9410125770738,2.0081793859972836,0,0.020833333333333332
377.0,156.86553570553855,2.0083519585077596,0,0.020833333333333332
378.0,156.79010679527713,2.00852264727744,0,0.020833333333333332
379.0,156.71472411027233,2.0086914619161194,0,0.020833333333333332
380.0,156.63938599437887,2.008858412344504,0,0.020833333333333332
381.0,156.56409086952337,2.0090235087789567,0,0.020833333333333332
382.0,156.48883723392467,2.0091867617167165,0,0.020833333333333332
383.0,156.41362366033474,2.00934818192157,0,0.020833333333333332
384.0,156.33844879430063,2.009507780409964,0,0.020833333333333332
385.0,156.2633113524483,2.0096655684375544,0,0.020833333333333332
386.0,156.18821012078772,2.0098215574861755,0,0.020833333333333332
387.0,156.1131439530405,2.009975759251207,0,0.020833333333333332
388.0,156.03811176898955,2.0101281856293585,0,0.020833333333333332
389.0,155.96311255285158,2.010278848706821,0,0.020833333333333332
390.0,155.8881453516721,2.0104277607478145,0,0.020833333333333332
391.0,155.8132092737435,2.0105749341834867,0,0.020833333333333332
392.0,155.7383034870459,2.010720381601178,0,0.020833333333333332
393.0,155.66342721771167,2.0108641157340363,0,0.020833333333333332
394.0,155.58857974851273,2.0110061494509606,0,0.020833333333333332
395.0,155.5137604173711,2.0111464957468828,0,0.020833333333333332
396.0,155.43896861589326,2.011285167733365,0,0.020833333333333332
397.0,155.3642037879273,2.0114221786295103,0,0.020833333333333332
398.0,155.28946542814376,2.0115575417531795,0,0.020833333333333332
399.0,155.21475308063975,2.0116912705124936,0,0.020833333333333332
400.0,155.14006633756608,2.0118233783976365,0,0.020833333333333332
401.0,155.0654048377779,2.0119538789729257,0,0.020833333333333332
402.0,154.9907682655085,2.0120827858691577,0,0.020833333333333332
403.0,154.91615634906586,2.012210112776222,0,0.020833333333333332
404.0,154.8415688595525,2.012335873435967,0,0.020833333333333332
405.0,154.76700560960782,2.0124600816353126,0,0.020833333333333332
406.0,154.69246645217368,2.012582751199614,0,0.020833333333333332
407.0,154.61795127928187,2.0127038959862555,0,0.020833333333333332
408.0,154.5434600208645,2.0128235298784753,0,0.020833333333333332
409.0,154.46899264358666,2.0129416667794113,0,0.020833333333333332
410.0,154.3945491497007,2.013058320606367,0,0.020833333333333332
411.0,154.32012957592315,2.013173505285287,0,0.020833333333333332
412.0,154.24573399233253,2.0132872347454343,0,0.020833333333333332
413.0,154.17136250128962,2.01339952291427,0,0.020833333333333332
414.0,154.09701523637816,2.0135103837125246,0,0.020833333333333332
415.0,154.02269236136738,2.0136198310494593,0,0.020833333333333332
416.0,153.94839406919507,2.0137278788183033,0,0.020833333333333332
417.0,153.8741205809715,2.013834540891879,0,0.020833333333333332
418.0,153.79987214500366,2.0139398311183867,0,0.020833333333333332
419.0,153.72564903584,2.0140437633173662,0,0.020833333333333332
420.0,153.651451553335,2.0141463512758184,0,0.020833333333333332
421.0,153.57728002173337,2.0142476087444803,0,0.020833333333333332
422.0,153.50313478877428,2.014347549434257,0,0.020833333333333332
423.0,153.42901622481426,2.0144461870128025,0,0.020833333333333332
424.0,153.3549247219697,2.0145435351012413,0,0.020833333333333332
425.0,153.28086069327782,2.014639607271033,0,0.020833333333333332
426.0,153.20682457187624,2.014734417040973,0,0.020833333333333332
427.0,153.13281681020095,2.01482797787432,0,0.020833333333333332
428.0,153.05883787920234,2.0149203031760585,0,0.020833333333333332
429.0,152.9848882675788,2.0150114062902786,0,0.020833333333333332
430.0,152.91096848102816,2.015101300497682,0,0.020833333333333332
431.0,152.8370790415162,2.0151899990131987,0,0.020833333333333332
432.0,152.76322048656226,2.015277514983723,0,0.020833333333333332
433.0,152.68939336854172,2.0153638614859526,0,0.020833333333333332
434.0,152.61559825400474,2.015449051524342,0,0.020833333333333332
435.0,152.5418357230115,2.0155330980291484,0,0.020833333333333332
436.0,152.46810636848343,2.0156160138545887,0,0.020833333333333332
437.0,152.39441079557008,2.0156978117770854,0,0.020833333333333332
438.0,152.3207496210314,2.01577850449361,0,0.020833333333333332
439.0,152.2471234726356,2.015858104620115,0,0.020833333333333332
440.0,152.1735329885716,2.015936624690055,0,0.020833333333333332
441.0,152.09997881687661,2.0160140771529957,0,0.020833333333333332
442.0,152.0264616148779,2.016090474373299,0,0.020833333333333332
443.0,151.9529820486488,2.016165828628895,0,0.020833333333333332
444.0,151.87954079247908,2.0162401521101243,0,0.020833333333333332
445.0,151.80613852835853,2.0163134569186636,0,0.020833333333333332
446.0,151.73277594547451,2.016385755066515,0,0.020833333333333332
447.0,151.6594537397225,2.01645705847507,0,0.020833333333333332
448.0,151.58617261322973,2.0165273789742435,0,0.020833333333333332
449.0,151.51293327389178,2.0165967283016646,0,0.020833333333333332
450.0,151.43973643492134,2.016665118101943,0,0.020833333333333332
451.0,151.36658281440967,2.016732559925985,0,0.020833333333333332
452.0,151.2934731349,2.016799065230374,0,0.020833333333333332
453.0,151.22040812297283,2.016864645376813,0,0.020833333333333332
454.0,151.14738850884262,2.0169293116316096,0,0.020833333333333332
455.0,151.07441502596635,2.0169930751652276,0,0.020833333333333332
456.0,151.0014884106628,2.017055947051882,0,0.020833333333333332
457.0,150.92860940174324,2.0171179382691844,0,0.020833333333333332
458.0,150.85577874015235,2.017179059697842,0,0.020833333333333332
459.0,150.78299716862028,2.0172393221213945,0,0.020833333333333332
460.0,150.71026543132447,2.0172987362260026,0,0.020833333333333332
461.0,150.63758427356197,2.0173573126002764,0,0.020833333333333332
462.0,150.56495444143152,2.0174150617351416,0,0.020833333333333332
463.0,150.49237668152537,2.0174719940237558,0,0.020833333333333332
464.0,150.41985174063063,2.0175281197614545,0,0.020833333333333332
465.0,150.34738036543976,2.017583449145732,0,0.020833333333333332
466.0,150.2749633022705,2.0176379922762715,0,0.020833333333333332
467.0,150.2026012967944,2.0176917591549923,0,0.020833333333333332
468.0,150.13029509377427,2.0177447596861433,0,0.020833333333333332
469.0,150.0580454368101,2.0177970036764217,0,0.020833333333333332
470.0,149.98585306809338,2.017848500835123,0,0.020833333333333332
471.0,149.9137187281695,2.0178992607743207,0,0.020833333333333332
472.0,149.8416431557083,2.0179492930090768,0,0.020833333333333332
473.0,149.76962708728237,2.0179986069576725,0,0.020833333333333332
474.0,149.69767125715282,2.0180472119418753,0,0.020833333333333332
475.0,149.62577639706296,2.0180951171872166,0,0.020833333333333332
476.0,149.55394323603875,2.0181423318233094,0,0.020833333333333332
477.0,149.4821725001969,2.018188864884174,0,0.020833333333333332
478.0,149.41046491255958,2.018234725308596,0,0.020833333333333332
479.0,149.33882119287608,2.018279921940501,0,0.020833333333333332
480.0,149.26724205745117,2.0183244635293454,0,0.020833333333333332
481.0,149.1957282189799,2.018368358730536,0,0.020833333333333332
482.0,149.12428038638882,2.018411616105858,0,0.020833333333333332
483.0,149.05289926468336,2.0184542441239257,0,0.020833333333333332
484.0,148.98158555480117,2.0184962511606486,0,0.020833333333333332
485.0,148.91033995347163,2.0185376454997117,0,0.020833333333333332
486.0,148.83916315308088,2.018578435333075,0,0.020833333333333332
487.0,148.76805584154255,2.0186186287614816,0,0.020833333333333332
488.0,148.69701870217403,2.0186582337949814,0,0.020833333333333332
489.0,148.62605241357812,2.0186972583534724,0,0.020833333333333332
490.0,148.5551576495297,2.0187357102672454,0,0.020833333333333332
491.0,148.48433507886782,2.0187735972775473,0,0.020833333333333332
492.0,148.41358536539246,2.0188109270371526,0,0.020833333333333332
493.0,148.34290916776627,2.0188477071109436,0,0.020833333333333332
494.0,148.27230713942112,2.018883944976505,0,0.020833333333333332
495.0,148.20177992846894,2.0189196480247213,0,0.020833333333333332
496.0,148.13132817761738,2.018954823560387,0,0.020833333333333332
497.0,148.0609525240897,2.018989478802825,0,0.020833333333333332
498.0,147.9906535995488,2.019023620886511,0,0.020833333333333332
499.0,147.92043203002558,2.0190572568617005,0,0.020833333333333332
500.0,147.85028843585113,2.0190903936950737,0,0.020833333333333332
501.0,147.78022343159307,2.019123038270375,0,0.020833333333333332
502.0,147.71023762599543,2.0191551973890633,0,0.020833333333333332
503.0,147.64033162192257,2.0191868777709674,0,0.020833333333333332
504.0,147.5705060163064,2.019218086054944,0,0.020833333333333332
505.0,147.5007614000973,2.0192488287995425,0,0.020833333333333332
506.0,147.43109835821835,2.01927911248367,0,0.020833333333333332
507.0,147.36151746952294,2.019308943507267,0,0.020833333333333332
508.0,147.29201930675566,2.0193383281919757,0,0.020833333333333332
509.0,147.2226044365162,2.0193672727818193,0,0.020833333333333332
510.0,147.15327341922642,2.019395783443882,0,0.020833333333333332
511.0,147.08402680910018,2.0194238662689887,0,0.020833333333333332
512.0,147.01486515411628,2.0194515272723867,0,0.020833333333333332
513.0,146.94578899599415,2.019478772394434,0,0.020833333333333332
514.0,146.87679887017205,2.01950560750128,0,0.020833333333333332
515.0,146.8078953057881,2.0195320383855546,0,0.020833333333333332
516.0,146.73907882566374,2.0195580707670566,0,0.020833333333333332
517.0,146.67034994628983,2.019583710293434,0,0.020833333333333332
518.0,146.60170917781488,2.0196089625408824,0,0.020833333333333332
519.0,146.53315702403583,2.019633833014818,0,0.020833333333333332
520.0,146.464693982391,2.0196583271505775,0,0.020833333333333332
521.0,146.3963205439552,2.019682450314095,0,0.020833333333333332
522.0,146.32803719343698,2.0197062078025914,0,0.020833333333333332
523.0,146.25984440917793,2.019729604845255,0,0.020833333333333332
524.0,146.19174266315395,2.0197526466039277,0,0.020833333333333332
525.0,146.1237324209783,2.0197753381737837,0,0.020833333333333332
526.0,146.05581414190695,2.0197976845840078,0,0.020833333333333332
527.0,145.98798827884508,2.019819690798476,0,0.020833333333333332
528.0,145.92025527835574,2.0198413617164297,0,0.020833333333333332
529.0,145.8526155806701,2.019862702173146,0,0.020833333333333332
530.0,145.78506961969933,2.0198837169406136,0,0.020833333333333332
531.0,145.71761782304793,2.0199044107281963,0,0.020833333333333332
532.0,145.65026061202863,2.019924788183302,0,0.020833333333333332
533.0,145.58299840167882,2.0199448538920444,0,0.020833333333333332
534.0,145.51583160077826,2.0199646123799013,0,0.020833333333333332
535.0,145.4487606118681,2.019984068112375,0,0.020833333333333332
536.0,145.38178583127143,2.020003225495642,0,0.020833333333333332
537.0,145.31490764911487,2.020022088877207,0,0.020833333333333332
538.0,145.2481264493514,2.020040662546545,0,0.020833333333333332
539.0,145.18144260978443,2.0200589507357516,0,0.020833333333333332
540.0,145.11485650209286,2.020076957620176,0,0.020833333333333332
541.0,145.04836849185733,2.020094687319062,0,0.020833333333333332
542.0,144.98197893858745,2.020112143896175,0,0.020833333333333332
543.0,144.91568819574996,2.0201293313604376,0,0.020833333333333332
544.0,144.8494966107979,2.020146253666549,0,0.020833333333333332
545.0,144.7834045252007,2.0201629147156046,0,0.020833333333333332
546.0,144.7174122744751,2.0201793183557175,0,0.020833333333333332
547.0,144.6515201882168,2.0201954683826244,0,0.020833333333333332
548.0,144.58572859013321,2.0202113685403003,0,0.020833333333333332
549.0,144.52003779807654,2.0202270225215546,0,0.020833333333333332
550.0,144.45444812407797,2.0202424339686376,0,0.020833333333333332
551.0,144.38895987438227,2.0202576064738285,0,0.020833333333333332
552.0,144.32357334948315,2.0202725435800337,0,0.020833333333333332
553.0,144.2582888441594,2.0202872487813646,0,0.020833333333333332
554.0,144.1931066475113,2.020301725523725,0,0.020833333333333332
555.0,144.12802704299793,2.0203159772053856,0,0.020833333333333332
556.0,144.06305030847463,2.020330007177556,0,0.020833333333333332
557.0,143.99817671623134,2.0203438187449527,0,0.020833333333333332
558.0,143.93340653303125,2.0203574151663624,0,0.020833333333333332
559.0,143.8687400201498,2.020370799655199,0,0.020833333333333332
560.0,143.80417743341437,2.020383975380061,0,0.020833333333333332
561.0,143.73971902324402,2.020396945465273,0,0.020833333333333332
562.0,143.6753650346899,2.020409712991437,0,0.020833333333333332
563.0,143.61111570747585,2.020422280995969,0,0.020833333333333332
564.0,143.5469712760393,2.0204346524736314,0,0.020833333333333332
565.0,143.4829319695727,2.0204468303770655,0,0.020833333333333332
566.0,143.4189980120649,2.020458817617315,0,0.020833333333333332
567.0,143.35516962234297,2.020470617064347,0,0.020833333333333332
568.0,143.29144701411437,2.0204822315475646,0,0.020833333333333332
569.0,143.22783039600898,2.020493663856323,0,0.020833333333333332
570.0,143.16431997162178,2.020504916740428,0,0.020833333333333332
571.0,143.10091593955525,2.0205159929106413,0,0.020833333333333332
572.0,143.03761849346228,2.020526895039176,0,0.020833333333333332
573.0,142.9744278220891,2.0205376257601855,0,0.020833333333333332
574.0,142.9113441093182,2.020548187670252,0,0.020833333333333332
575.0,142.84836753421166,2.020558583328867,0,0.020833333333333332
576.0,142.7854982710542,2.0205688152589087,0,0.020833333333333332
577.0,142.72273648939654,2.0205788859471134,0,0.020833333333333332
578.0,142.66008235409893,2.0205887978445403,0,0.020833333333333332
579.0,142.59753602537432,2.02059855336704,0,0.020833333333333332
580.0,142.5350976588319,2.020608154895705,0,0.020833333333333332
581.0,142.47276740552056,2.0206176047773265,0,0.020833333333333332
582.0,142.41054541197238,2.0206269053248422,0,0.020833333333333332
583.0,142.34843182024596,2.02063605881778,0,0.020833333333333332
584.0,142.28642676796997,2.0206450675026937,0,0.020833333333333332
585.0,142.22453038838643,2.020653933593601,0,0.020833333333333332
586.0,142.16274281039406,2.020662659272411,0,0.020833333333333332
587.0,142.10106415859158,2.0206712466893486,0,0.020833333333333332
588.0,142.0394945533209,2.020679697963375,0,0.020833333333333332
589.0,141.97803411071024,2.020688015182605,0,0.020833333333333332
590.0,141.91668294271705,2.0206962004047155,0,0.020833333333333332
591.0,141.85544115717116,2.020704255657352,0,0.020833333333333332
592.0,141.7943088578174,2.020712182938533,0,0.020833333333333332
593.0,141.7332861443584,2.020719984217045,0,0.020833333333333332
594.0,141.67237311249707,2.0207276614328378,0,0.020833333333333332
595.0,141.61156985397903,2.02073521649741,0,0.020833333333333332
596.0,141.550876456635,2.020742651294196,0,0.020833333333333332
597.0,141.49029300442288,2.020749967678946,0,0.020833333333333332
598.0,141.42981957746957,2.0207571674800966,0,0.020833333333333332
599.0,141.36945625211297,2.020764252499149,0,0.020833333333333332
600.0,141.30920310094353,2.020771224511031,0,0.020833333333333332
601.0,141.2490601928457,2.0207780852644603,0,0.020833333333333332
602.0,141.18902759303901,2.0207848364823042,0,0.020833333333333332
603.0,141.1291053631195,2.0207914798619324,0,0.020833333333333332
604.0,141.06929356110015,2.020798017075568,0,0.020833333333333332
605.0,141.0095922414519,2.0208044497706337,0,0.020833333333333332
606.0,140.95000145514385,2.0208107795700894,0,0.020833333333333332
607.0,140.89052124968353,2.0208170080727754,0,0.020833333333333332
608.0,140.831151669157,2.0208231368537453,0,0.020833333333333332
609.0,140.77189275426855,2.0208291674645893,0,0.020833333333333332
610.0,140.7127445423802,2.020835101433769,0,0.020833333333333332
611.0,140.6537070675511,2.0208409402669316,0,0.020833333333333332
612.0,140.5947803605766,2.020846685447231,0,0.020833333333333332
613.0,140.535964449027,2.0208523384356427,0,0.020833333333333332
614.0,140.47725935728624,2.0208579006712704,0,0.020833333333333332
615.0,140.41866510659014,2.0208633735716535,0,0.020833333333333332
616.0,140.36018171506458,2.0208687585330734,0,0.020833333333333332
617.0,140.30180919776316,2.0208740569308463,0,0.020833333333333332
618.0,140.24354756670505,2.0208792701196194,0,0.020833333333333332
619.0,140.18539683091197,2.020884399433668,0,0.020833333333333332
620.0,140.1273569964455,2.020889446187174,0,0.020833333333333332
621.0,140.06942806644375,2.0208944116745164,0,0.020833333333333332
622.0,140.01161004115784,2.0208992971705513,0,0.020833333333333332
623.0,139.95390291798822,2.020904103930885,0,0.020833333333333332
624.0,139.89630669152055,2.020908833192152,0,0.020833333333333332
625.0,139.8388213535615,2.020913486172281,0,0.020833333333333332
626.0,139.7814468931742,2.0209180640707634,0,0.020833333333333332
627.0,139.72418329671308,2.0209225680689173,0,0.020833333333333332
628.0,139.66703054785918,2.020926999330145,0,0.020833333333333332
629.0,139.60998862765442,2.020931359000191,0,0.020833333333333332
630.0,139.55305751453596,2.020935648207393,0,0.020833333333333332
631.0,139.49623718437041,2.020939868062936,0,0.020833333333333332
632.0,139.43952761048737,2.020944019661093,0,0.020833333333333332
633.0,139.38292876371293,2.020948104079472,0,0.020833333333333332
634.0,139.32644061240288,2.0209521223792573,0,0.020833333333333332
635.0,139.27006312247568,2.0209560756054423,0,0.020833333333333332
636.0,139.21379625744487,2.0209599647870675,0,0.020833333333333332
637.0,139.15763997845164,2.0209637909374485,0,0.020833333333333332
638.0,139.10159424429673,2.0209675550544057,0,0.020833333333333332
639.0,139.04565901147214,2.020971258120488,0,0.020833333333333332
640.0,138.98983423419273,2.020974901103195,0,0.020833333333333332
641.0,138.93411986442734,2.0209784849551964,0,0.020833333333333332
642.0,138.8785158519297,2.020982010614547,0,0.020833333333333332
643.0,138.82302214426906,2.0209854790048998,0,0.020833333333333332
644.0,138.76763868686047,2.020988891035718,0,0.020833333333333332
645.0,138.71236542299488,2.0209922476024786,0,0.020833333333333332
646.0,138.65720229386898,2.0209955495868828,0,0.020833333333333332
647.0,138.60214923861452,2.0209987978570525,0,0.020833333333333332
648.0,138.54720619432766,2.0210019932677312,0,0.020833333333333332
649.0,138.49237309609777,2.021005136660482,0,0.020833333333333332
650.0,138.43764987703616,2.0210082288638813,0,0.020833333333333332
651.0,138.38303646830445,2.0210112706937062,0,0.020833333333333332
652.0,138.3285327991426,2.0210142629531282,0,0.020833333333333332
653.0,138.27413879689672,2.0210172064328953,0,0.020833333333333332
654.0,138.21985438704658,2.021020101911518,0,0.020833333333333332
655.0,138.1656794932329,2.0210229501554484,0,0.020833333333333332
656.0,138.1116140372843,2.0210257519192614,0,0.020833333333333332
657.0,138.0576579392441,2.021028507945827,0,0.020833333333333332
658.0,138.00381111739654,2.021031218966487,0,0.020833333333333332
659.0,137.95007348829316,2.0210338857012244,0,0.020833333333333332
660.0,137.8964449667785,2.0210365088588333,0,0.020833333333333332
661.0,137.84292546601583,2.0210390891370853,0,0.020833333333333332
662.0,137.78951489751253,2.0210416272228935,0,0.020833333333333332
663.0,137.73621317114504,2.021044123792473,0,0.020833333333333332
664.0,137.6830201951838,2.0210465795115047,0,0.020833333333333332
665.0,137.62993587631772,2.021048995035286,0,0.020833333333333332
666.0,137.57696011967852,2.0210513710088955,0,0.020833333333333332
667.0,137.52409282886475,2.021053708067335,0,0.020833333333333332
668.0,137.47133390596562,2.0210560068356913,0,0.020833333333333332
669.0,137.41868325158438,2.0210582679292752,0,0.020833333333333332
670.0,137.36614076486165,2.021060491953777,0,0.020833333333333332
671.0,137.31370634349847,2.0210626795054045,0,0.020833333333333332
672.0,137.261379883779,2.0210648311710284,0,0.020833333333333332
673.0,137.20916128059304,2.021066947528323,0,0.020833333333333332
674.0,137.15705042745822,2.0210690291459064,0,0.020833333333333332
675.0,137.10504721654212,2.021071076583471,0,0.020833333333333332
676.0,137.0531515386839,2.0210730903919267,0,0.020833333333333332
677.0,137.00136328341586,2.0210750711135286,0,0.020833333333333332
678.0,136.94968233898473,2.0210770192820062,0,0.020833333333333332
679.0,136.89810859237272,2.021078935422698,0,0.020833333333333332
680.0,136.84664192931822,2.021080820052676,0,0.020833333333333332
681.0,136.79528223433638,2.0210826736808674,0,0.020833333333333332
682.0,136.7440293907395,2.0210844968081854,0,0.020833333333333332
683.0,136.69288328065707,2.0210862899276467,0,0.020833333333333332
684.0,136.64184378505544,2.021088053524489,0,0.020833333333333332
685.0,136.5909107837578,2.021089788076297,0,0.020833333333333332
686.0,136.54008415546323,2.0210914940531124,0,0.020833333333333332
687.0,136.4893637777661,2.0210931719175504,0,0.020833333333333332
688.0,136.4387495271748,2.021094822124914,0,0.020833333333333332
689.0,136.38824127913063,2.021096445123307,0,0.020833333333333332
690.0,136.3378389080262,2.0210980413537407,0,0.020833333333333332
691.0,136.28754228722374,2.021099611250244,0,0.020833333333333332
692.0,136.23735128907313,2.021101155239972,0,0.020833333333333332
693.0,136.1872657849298,2.021102673743307,0,0.020833333333333332
694.0,136.1372856451722,2.021104167173967,0,0.020833333333333332
695.0,136.08741073921942,2.021105635939105,0,0.020833333333333332
696.0,136.03764093554827,2.0211070804394105,0,0.020833333333333332
697.0,135.98797610171033,2.021108501069211,0,0.020833333333333332
698.0,135.9384161043487,2.0211098982165647,0,0.020833333333333332
699.0,135.88896080921452,2.0211112722633637,0,0.020833333333333332
700.0,135.8396100811836,2.0211126235854224,0,0.020833333333333332
701.0,135.79036378427227,2.021113952552575,0,0.020833333333333332
702.0,135.74122178165362,2.0211152595287682,0,0.020833333333333332
703.0,135.6921839356732,2.02111654487215,0,0.020833333333333332
704.0,135.64325010786453,2.02111780893516,0,0.020833333333333332
705.0,135.59442015896465,2.021119052064618,0,0.020833333333333332
706.0,135.54569394892926,2.02112027460181,0,0.020833333333333332
707.0,135.4970713369476,2.0211214768825756,0,0.020833333333333332
708.0,135.44855218145756,2.0211226592373897,0,0.020833333333333332
709.0,135.40013634016006,2.02112382199145,0,0.020833333333333332
710.0,135.35182367003364,2.0211249654647525,0,0.020833333333333332
711.0,135.30361402734874,2.021126089972179,0,0.020833333333333332
712.0,135.2555072676817,2.021127195823572,0,0.020833333333333332
713.0,135.2075032459288,2.0211282833238142,0,0.020833333333333332
714.0,135.15960181631993,2.021129352772907,0,0.020833333333333332
715.0,135.11180283243212,2.0211304044660436,0,0.020833333333333332
716.0,135.06410614720298,2.021131438693688,0,0.020833333333333332
717.0,135.01651161294396,2.021132455741644,0,0.020833333333333332
718.0,134.9690190813533,2.0211334558911322,0,0.020833333333333332
719.0,134.92162840352904,2.021134439418857,0,0.020833333333333332

target,125.0
